”Ô†,–¼Ì,ZŠ,ŠT—v,URL,Geo3x3,icon
9,©‘R‹m‚Ì’r,‰z‘Os•s˜V’¬22-1,©‘R‹m‚Ì’r‚Æ‚ÍEEE,,E913849981495224,30000_kokufuhakkutsu2.png
10,•s˜V_Ğ,‰z‘Os•s˜V’¬22-1,,,E913849981493875,30100_kokufuhakkutsu2.png
11,³‰~›,‰z‘Os•s˜V’¬18-12,,,E913849981496777,30200_kokufuhakkutsu2.png
12,‘å«ŒR_Ğ,‰z‘Os•s˜V’¬,,,E913849973622174,30300_kokufuhakkutsu2.png
13,‘å“¿R,‰z‘Os‘å‘ê’¬iŒˆä’¬j,,,E913849985373151,30400_kokufuhakkutsu2.png
14,‰œ”V‰@,‰z‘Os‘å‘ê’¬,,,E913849983775528,30500_kokufuhakkutsu2.png
15,‘å‘ê‚Ì‘å™,‰z‘Os‘å‘ê’¬,,,E913849985338954,30600_kokufuhakkutsu2.png
16,Ğ‘p—Ñ,‰z‘Os‘å‘ê’¬,,,E913849983736842,30700_kokufuhakkutsu2.png
17,‚º‚ñ‚Ü‚¢÷,‰z‘Os‘å‘ê’¬,,,E913849985312519,30800_kokufuhakkutsu2.png
21,‘w’è–¼Ÿ’nO“c‘º’ë‰€,‰z‘Os‘å‘ê’¬12-5,,,E913849982774247,30900_kokufuhakkutsu2.png
23,†‘c_‰ª‘¾_ĞE‘å‘ë_Ğ,‰z‘Os‘å‘ê’¬23-10,,,E913849982792387,31000_kokufuhakkutsu2.png
26,_‹{“°,‰z‘Os‘å‘ê’¬27-18,,,E913849981934282,31100_kokufuhakkutsu2.png
27,‹ŒõŠì–ºğ‘¢‘ ,‰z‘Os‘å‘ê’¬28-17,,,E913849981963779,31200_kokufuhakkutsu2.png
28,ECHIZEN GALLERY KITA'S,‰z‘Os‘å‘ê’¬29-29,,,E913849982712538,30000_kokufuhakkutsu2.png
40,‰~¬›,‰z‘Os‘å‘ê’¬24-13,,,E913849982751454,30100_kokufuhakkutsu2.png
45,ìè“@,‰z‘Os‘å‘ê’¬25-25,,,E913849981966832,30200_kokufuhakkutsu2.png
46,‹Œ•Ÿ“c’‰—Y“@,‰z‘Os‘å‘ê’¬25-27,,,E913849981991116,30300_kokufuhakkutsu2.png
47,‹L‰¯‚Ì‰Æ,‰z‘Os‘å‘ê’¬27-16,,,E913849981935447,30400_kokufuhakkutsu2.png
48,–ö£•F¶‰q–å“@,‰z‘Os‘å‘ê’¬29-31,,,E913849982711342,30500_kokufuhakkutsu2.png
50,‰¡R‘åŠÏ‚Ì”è,‰z‘OsŠâ–{’¬11-12-1,,,E913849981899195,30600_kokufuhakkutsu2.png
51,‰ª‘¾_Ğ‚Ì‘æˆê‚Ì’¹‹,‰z‘OsŠâ–{’¬11-1,,,E913849981977249,30700_kokufuhakkutsu2.png
52,Šâ–{_Ğ,‰z‘OsŠâ–{’¬18-1,,,E913849981948777,30800_kokufuhakkutsu2.png
54,¬Šè›,‰z‘OsŠâ–{’¬15-4,,,E913849984356271,30900_kokufuhakkutsu2.png
55,‹gè“@,‰z‘OsŠâ–{’¬10-19,,,E913849984268533,31000_kokufuhakkutsu2.png
56,’|‰º“@,‰z‘OsŠâ–{’¬10-20,,,E913849984269253,31100_kokufuhakkutsu2.png
57,‹g“c“@,‰z‘OsŠâ–{’¬10-29,,,E913849984317545,31200_kokufuhakkutsu2.png
59,“o˜^•¶‰»à’Ô‚Ì‰Æ,‰z‘OsŠâ–{’¬17-12,,,E913849984326125,30000_kokufuhakkutsu2.png
60,¬Šè›,‰z‘OsŠâ–{’¬15-4,,,E913849984356193,30100_kokufuhakkutsu2.png
61,H—tR“W–]‘ä,‰z‘OsŠâ–{’¬,,,E913849984367861,30200_kokufuhakkutsu2.png
62,“o˜^•¶‰»àªŠİ‰ÆZ‘î,‰z‘OsŠâ–{’¬16-8,,,E913849984327473,30300_kokufuhakkutsu2.png
63,’Ò‰ª“@,‰z‘OsŠâ–{’¬15-20,,,E913849984349246,30400_kokufuhakkutsu2.png
64,‰ª–{—X•Ö‹Ç,‰z‘OsŠâ–{’¬10-15,,,E913849984267531,30500_kokufuhakkutsu2.png
65,‹g“c“@,‰z‘OsŠâ–{’¬10-5,,,E913849984281344,30600_kokufuhakkutsu2.png
67,ˆäã“@,‰z‘OsŠâ–{’¬9-2-1,,,E913849984273664,30700_kokufuhakkutsu2.png
68,ƒI[ƒ}[ƒg,‰z‘OsVİ‰Æ’¬10-9-2,,,E913849984521228,30800_kokufuhakkutsu2.png
69,†‚Ì•¶‰»”•¨ŠÙ,‰z‘OsVİ‰Æ’¬11-12,,,E913849984288329,30900_kokufuhakkutsu2.png
70,‰z‘O˜a†‚Ì—¢”üpŠÙ,‰z‘OsVİ‰Æ’¬11-13-1,,,E913849984285289,31000_kokufuhakkutsu2.png
72,ƒpƒsƒ‹ƒXŠÙ,‰z‘OsVİ‰Æ’¬8-44,,https://www.echizenwashi.jp/facility/papyrus/,E913849984426975,31100_kokufuhakkutsu2.png
73,˜a†‚Ì“X‚¤‚ß“c,‰z‘OsVİ‰Æ’¬8-3-1,,,E913849984437662,31200_kokufuhakkutsu2.png
74,‹i’ƒ‚³‚¢‚â,‰z‘OsVİ‰Æ’¬9-15,,,E913849984436871,30000_kokufuhakkutsu2.png
76,‚¨H–ˆ‚æ‚Á‚Ä‚±,‰z‘OsVİ‰Æ’¬9-21-2,,,E913849984512892,30100_kokufuhakkutsu2.png
78,˜a†‚Ì—¢’Ê‚è‚Ì–¯‰Æ,‰z‘OsVİ‰Æ’¬8-6,,,E913849984511657,30200_kokufuhakkutsu2.png
80,_–¾_Ğ,‰z‘OsVİ‰Æ’¬13-16,,,E913849984624739,30300_kokufuhakkutsu2.png
81,‘P–@›,‰z‘OsVİ‰Æ’¬13-4,,,E913849984617173,30400_kokufuhakkutsu2.png
85,‚–ì“@,‰z‘OsVİ‰Æ’¬13-1,,,E913849984563352,30500_kokufuhakkutsu2.png
86,‚–ì“@‘ ,‰z‘OsVİ‰Æ’¬13-1-2,,,E913849984563941,30600_kokufuhakkutsu2.png
87,‰Á“¡“@,‰z‘OsVİ‰Æ’¬4-7,,,E913849984567961,30700_kokufuhakkutsu2.png
88,‰ª–{¬ŠwZ,‰z‘Os’è—F’¬10-15,,,E913849984842618,30800_kokufuhakkutsu2.png
89,‰ª–{Œö–¯ŠÙ,‰z‘Os’è—F’¬10-2-2,,,E913849984812557,30900_kokufuhakkutsu2.png
90,—B•ó›,‰z‘Os’è—F’¬3-1,,,E913849984596997,31000_kokufuhakkutsu2.png
91,¡“ú’à,‰z‘Os’è—F’¬2-6,,,E913849984912382,31100_kokufuhakkutsu2.png
92,¼–ì¤‰ï,‰z‘Os’è—F’¬4-7-6,,,E913849984823544,31200_kokufuhakkutsu2.png
93,“o˜^•¶‰»à¼–ì‰ÆZ‘î,‰z‘Os’è—F’¬4-8,,,E913849984822668,30000_kokufuhakkutsu2.png
94,¼–ì•S•“@,‰z‘Os’è—F’¬9-2,,,E913849984826274,30100_kokufuhakkutsu2.png
96,‰ª–{_Ğ,‰z‘Os’è—F’¬1-11,,,E913849984919766,30200_kokufuhakkutsu2.png
98,×ˆäŠì•½¤“X,‰z‘Os’è—F’¬12-12,,,E913849984889288,30300_kokufuhakkutsu2.png
99,¼–ì“@,‰z‘Os’è—F’¬8-6,,,E913849984889334,30400_kokufuhakkutsu2.png
100,™”ö‚Ì‹t‚³™,‰z‘Os™”ö’¬,,,E913849985924567,30500_kokufuhakkutsu2.png
101,™“m_Ğ,‰z‘Os™”ö’¬,,,E913849985955159,30600_kokufuhakkutsu2.png
102,‚æ‚Ì‚«´…,‰z‘Os™”ö’¬,,,E913849988193792,30700_kokufuhakkutsu2.png
103,‚¢‚Ü‚¾‚ÄŒ|pŠÙ,‰z‘Osˆ¾“c•”’¬11-1-1,,,E913849987268941,30800_kokufuhakkutsu2.png
104,‚Ş‚³‚µ‚â,‰z‘Osˆ¾“c•”’¬35-10-1,,,E913849987227461,30900_kokufuhakkutsu2.png
105,‚µ‚ë‚¤‚é‚µ,‰z‘Osˆ¾“c•”’¬34-30,,,E913849984877573,31000_kokufuhakkutsu2.png
106,ƒGƒXƒ|ƒ[ƒ‹,‰z‘Osˆ¾“c•”’¬32-16-1,,,E913849987125217,31100_kokufuhakkutsu2.png
107,‘å—¤”Ñ“X,‰z‘Osˆ¾“c•”’¬33-6-9,,,E913849987125362,31200_kokufuhakkutsu2.png
108,¡—§’†‰›•a‰@,‰z‘Osˆ¾“c•”’¬33-1,,,E913849987136448,30000_kokufuhakkutsu2.png
109,‘å•H“°,‰z‘Osˆ¾“c•”’¬’†‰›‚Q’š–Ú908,,,E913849987162363,30100_kokufuhakkutsu2.png
110,ƒJƒtƒF–œC,‰z‘Osˆ¾“c•”’¬39-4,,,E913849984772325,30200_kokufuhakkutsu2.png
111,‚æ‚èˆ,‰z‘Osˆ¾“c•”’¬38-3-4,,,E913849984756466,30300_kokufuhakkutsu2.png
112,‰Ôâ¬ŠwZ,‰z‘Osˆ¾“c•”’¬41-12,,,E913849976926448,30400_kokufuhakkutsu2.png
113,X˜Z,‰z‘Osˆ¾“c•”’¬26-20,,,E913849976856445,30500_kokufuhakkutsu2.png
114,¶‹¼ˆÁ,‰z‘OsçŒ´’¬7-7,,,E913849976294125,30600_kokufuhakkutsu2.png
115,—¹Œc›,‰z‘Osˆ¾“c•”’¬25-38,,,E913849976872439,30700_kokufuhakkutsu2.png
116,‰~³›,‰z‘Osˆ¾“c•”’¬23-31,,,E913849976888944,30800_kokufuhakkutsu2.png
117,•Ÿò›,‰z‘Osˆ¾“c•”’¬22-23,,,E913849979224566,30900_kokufuhakkutsu2.png
118,ŒI¶›,‰z‘Osˆ¾“c•”’¬23-1,,,E913849979251322,31000_kokufuhakkutsu2.png
119,‘PŒõ›,‰z‘Osˆ¾“c•”’¬23-14,,,E913849979222883,31100_kokufuhakkutsu2.png
120,‹³Šè›,‰z‘Osˆ¾“c•”’¬23-24,,,E913849979226171,31200_kokufuhakkutsu2.png
121,‹Œ¡—§}‘ŠÙi“‡‰ïŠÙj,‰z‘Osˆ¾“c•”’¬22-22,,,E913849979219336,30000_kokufuhakkutsu2.png
122,‰ª‘¾_Ğ,‰z‘Osˆ¾“c•”’¬19-3,,,E913849979256996,30100_kokufuhakkutsu2.png
123,Š´œä›,‰z‘Osˆ¾“c•”’¬28-32,,,E913849979314856,30200_kokufuhakkutsu2.png
124,¡—§—X•Ö‹Ç,‰z‘Osˆ¾“c•”’¬27-41-1,,,E913849976892846,30300_kokufuhakkutsu2.png
125,ğˆä“@,‰z‘Osˆ¾“c•”’¬27-31,,,E913849976978362,30400_kokufuhakkutsu2.png
126,Š¨•,‰z‘Osˆ¾“c•”’¬29-24,,,E913849976988538,30500_kokufuhakkutsu2.png
127,õ‰®,‰z‘Osˆ¾“c•”’¬29-41,,,E913849979334624,30600_kokufuhakkutsu2.png
128,‚©‚¹‚â,‰z‘Osˆ¾“c•”’¬29-6,,,E913849979324285,30700_kokufuhakkutsu2.png
129,’ƒ˜q‰®,‰z‘Osˆ¾“c•”’¬15-44,,,E913849979328748,30800_kokufuhakkutsu2.png
130,‘å•Ÿ,‰z‘Osˆ¾“c•”’¬15-22,,,E913849979356144,30900_kokufuhakkutsu2.png
131,cqƒ–’r,‰z‘Osˆ¾“c•”’¬17-8,,,E913849979381795,31000_kokufuhakkutsu2.png
132,²R•PŒö‰€,‰z‘Osˆ¾“c•”’¬15-55,,,E913849979382585,31100_kokufuhakkutsu2.png
133,‰ÔâŒö‰€,‰z‘Osˆ¾“c•”’¬17,,,E913849979269646,31200_kokufuhakkutsu2.png
134,‚ä‚¢‚Ü[‚é,‰z‘OsŠâ–{’¬6-2-3,,,E913849984249535,30000_kokufuhakkutsu2.png
135,ƒp[ƒLƒ“ƒO,‰z‘OsVİ‰Æ’¬8-5,,,E913849984435182,30100_kokufuhakkutsu2.png
136,ŒöOƒgƒCƒŒ,‰z‘OsVİ‰Æ’¬9-21-2,,,E913849984515831,30200_kokufuhakkutsu2.png
138,†—‚«–º,‰z‘OsVİ‰Æ’¬9-21-2,,,E913849984511893,30300_kokufuhakkutsu2.png
139,ŒöOƒgƒCƒŒ,‰z‘OsVİ‰Æ’¬10-11-1,,,E913849984276519,30400_kokufuhakkutsu2.png
140,ŒöOƒgƒCƒŒ,‰z‘OsVİ‰Æ’¬8-44,,,E913849984423993,30500_kokufuhakkutsu2.png
